Neg Utility Mean,Stock Loss Mean,Clearing Loss Mean,Neg Utility SE,Stock Loss SE,Clearing Loss SE,S0,Type
0.09452271461486816,5.627075097436318e-06,9.321344259660691e-05,0.0010193671332672238,2.180844944632554e-07,1.1826028867290006e-06,0.3652590215206146,Mu Unknown
0.4798186123371124,2.9605948867407985e-17,2.146515409862104e-09,0.0009517837897874415,2.4847866604069754e-18,4.0494302355753575e-11,0.37217479944229126,Frictionless
