Neg Utility Mean,Stock Loss Mean,Clearing Loss Mean,Neg Utility SE,Stock Loss SE,Clearing Loss SE,S0,Type
0.2087339609861374,2.7256152179688797e-07,2.3024984329822473e-05,0.00328783574514091,6.107784145115147e-08,4.833970024265e-07,0.3612864911556244,Mu Unknown
0.20929734408855438,2.3174854504759423e-05,0.002212146995589137,0.0032799073960632086,1.011849462884129e-06,3.251473026466556e-05,0.35761353373527527,Mu Known
0.2081620693206787,3.1308289876764566e-17,2.4710011055535663e-13,0.0031354655511677265,2.4899534373081348e-18,3.899454239055574e-15,0.36121344566345215,Ground Truth
