Neg Utility Mean,Stock Loss Mean,Clearing Loss Mean,Neg Utility SE,Stock Loss SE,Clearing Loss SE,S0,Type
0.2086964249610901,0.11564842611551285,7.964449469000101e-05,0.0032682179007679224,5.973818588245194e-06,1.1733168321370613e-06,0.021385759115219116,Mu Unknown
0.20928455889225006,0.11553078889846802,0.0023435011971741915,0.0032863442320376635,4.5092467189533636e-05,3.547058076946996e-05,0.01799727976322174,Mu Known
0.2081620693206787,2.7237471038956325e-17,2.4703782314054734e-13,0.0031354655511677265,2.2634159644900747e-18,3.842619598844231e-15,0.36121344566345215,Ground Truth
