Neg Utility Mean,Stock Loss Mean,Clearing Loss Mean,Neg Utility SE,Stock Loss SE,Clearing Loss SE,Type
0.21451881527900696,1.171307303593494e-05,0.20542480051517487,0.008378582075238228,1.116953399105114e-06,0.004592590034008026,Mu Unknown
0.21438777446746826,2.3460999727831222e-05,2.074423946396564e-06,0.008403614163398743,2.7063726975029567e-06,1.8255015277190978e-08,Mu Known
0.21268700063228607,1.2789768693110388e-16,2.5134446390503995e-13,0.008011617697775364,2.9627819522803887e-17,1.0207394147586021e-14,Ground Truth
