Neg Utility Mean,Stock Loss Mean,Clearing Loss Mean,Neg Utility SE,Stock Loss SE,Clearing Loss SE,S0,Type
0.0945601835846901,5.041124950366793e-06,9.321283141616732e-05,0.0010205592261627316,2.3756199141189427e-07,1.1825793535535922e-06,0.3653084337711334,Mu Unknown
0.4798186123371124,3.3306692062243676e-17,2.1482147172235955e-09,0.0009517838479951024,2.6009792734862272e-18,4.109962717380178e-11,0.37217479944229126,Frictionless
