Neg Utility Mean,Stock Loss Mean,Clearing Loss Mean,Neg Utility SE,Stock Loss SE,Clearing Loss SE,Type
0.20866093039512634,2.2479887320514536e-06,7.964446558617055e-05,0.0032672605011612177,9.308345738645585e-08,1.1733163773897104e-06,Mu Unknown
0.20960168540477753,2.3725327991996892e-05,0.002160032046958804,0.0032974753994494677,1.030166572490998e-06,3.298804585938342e-05,Mu Known
0.2081620693206787,2.023843983143383e-21,2.4710011055535663e-13,0.0031354655511677265,7.641755920957973e-22,3.899454239055574e-15,Ground Truth
