Neg Utility,Stock Loss,Clearing Loss,Type
21.45188331604004,1.171307303593494e-05,0.20542480051517487,Mu Unknown
21.438777923583984,2.3460999727831222e-05,2.074423946396564e-06,Mu Known
21.268699645996094,1.2789768693110388e-16,2.5134446390503995e-13,Ground Truth
