Neg Utility Mean,Stock Loss Mean,Clearing Loss Mean,Neg Utility SE,Stock Loss SE,Clearing Loss SE,S0,Type
0.0945601835846901,5.041137228545267e-06,9.321342804469168e-05,0.0010205592261627316,2.3756265932206588e-07,1.1826019772342988e-06,0.3653084337711334,Mu Unknown
0.4798186123371124,0.029106218367815018,2.1482147172235955e-09,0.0009517838479951024,2.3878086174988766e-09,4.109962717380178e-11,0.2015693336725235,Frictionless
