Neg Utility Mean,Stock Loss Mean,Clearing Loss Mean,Neg Utility SE,Stock Loss SE,Clearing Loss SE,S0,Type
0.20869645476341248,2.3728198073058593e-07,7.964446558617055e-05,0.0032682179007679224,3.039501450530224e-08,1.1733163773897104e-06,0.021385759115219116,Mu Unknown
0.20928455889225006,1.3308171219250653e-05,0.0023435011971741915,0.0032863442320376635,7.10134827386355e-07,3.547058076946996e-05,0.01799727976322174,Mu Known
0.2081620693206787,2.023843983143383e-21,2.4710011055535663e-13,0.0031354655511677265,7.641755920957973e-22,3.899454239055574e-15,0.02121342532336712,Ground Truth
