Neg Utility Mean,Stock Loss Mean,Clearing Loss Mean,Neg Utility SE,Stock Loss SE,Clearing Loss SE,S0,Type
0.20873399078845978,2.725626586652652e-07,2.3025231712381355e-05,0.003287835279479623,6.107653405251767e-08,4.833996172237676e-07,0.3612864911556244,Mu Unknown
0.2092973291873932,2.317482176295016e-05,0.0022121460642665625,0.003279907163232565,1.0118552609128528e-06,3.251468297094107e-05,0.35761353373527527,Mu Known
0.2081620693206787,2.6645351995433716e-17,2.472339824186043e-13,0.0031354655511677265,2.211915285962217e-18,3.865491182485992e-15,0.36121344566345215,Ground Truth
