Neg Utility Mean,Stock Loss Mean,Clearing Loss Mean,Neg Utility SE,Stock Loss SE,Clearing Loss SE,Type
0.0005549329798668623,7.719156201346777e-06,1.229749500453181e-06,2.2211002942640334e-05,2.0726439231566474e-07,5.0403392570785854e-09,Mu Unknown
0.00037500940379686654,2.719403346418403e-05,0.010689062997698784,2.2067253667046316e-05,6.745318614775897e-07,3.227484910439671e-07,Mu Known
0.0008938127430155873,5.745404215300912e-18,1.894582060679717e-11,1.7048274457920343e-05,3.085635457921739e-19,5.663089897196827e-13,Leading Order
