Neg Utility Mean,Stock Loss Mean,Clearing Loss Mean,Neg Utility SE,Stock Loss SE,Clearing Loss SE,S0,Type
0.0005622866447083652,1.3043285434832796e-05,2.1875323454878526e-06,2.2145144612295553e-05,3.3848127145574836e-07,6.535936680762688e-09,0.4583335220813751,Mu Unknown
0.00037410453660413623,2.709232830966357e-05,0.01073449570685625,2.2082125724409707e-05,6.717640985698381e-07,3.2424713936052285e-07,0.44602105021476746,Mu Known
0.0008938127430155873,1.204962071588774e-16,1.894582060679717e-11,1.7048274457920343e-05,8.289904010152324e-18,5.663089897196827e-13,0.4948173761367798,Leading Order
