Neg Utility Mean,Stock Loss Mean,Clearing Loss Mean,Neg Utility SE,Stock Loss SE,Clearing Loss SE,S0,Type
0.0005622867029160261,1.3043321814620867e-05,2.1875157472095452e-06,2.2145144612295553e-05,3.3848019143079e-07,6.535975760613155e-09,0.4583335220813751,Mu Unknown
0.00037410453660413623,2.709229738684371e-05,0.010734494775533676,2.2082125724409707e-05,6.717652354382153e-07,3.2425057838736393e-07,0.44602105021476746,Mu Known
0.0008938127430155873,0.007467919494956732,1.883469248620262e-11,1.7048274457920343e-05,0.00010292483057128266,5.614549081732478e-13,0.415039986371994,Leading Order
