Neg Utility Mean,Stock Loss Mean,Clearing Loss Mean,Neg Utility SE,Stock Loss SE,Clearing Loss SE,S0,Type
0.0005622867029160261,1.3043324543104973e-05,2.187534619224607e-06,2.2145144612295553e-05,3.384809303952352e-07,6.536034824478065e-09,0.4583335220813751,Mu Unknown
0.00037410453660413623,2.7092304662801325e-05,0.010734494775533676,2.2082125724409707e-05,6.717650649079587e-07,3.2424890150650754e-07,0.44602105021476746,Mu Known
0.0008938127430155873,1.1960802693923226e-16,1.883469248620262e-11,1.7048274457920343e-05,8.404456944462343e-18,5.614549081732478e-13,0.4948173761367798,Leading Order
