Neg Utility Mean,Stock Loss Mean,Clearing Loss Mean,Neg Utility SE,Stock Loss SE,Clearing Loss SE,Type
0.0005549329216592014,7.719117093074601e-06,1.2297459761612117e-06,2.221100112365093e-05,2.0726359650780068e-07,5.0404280749205554e-09,Mu Unknown
0.0003750093455892056,2.7194049835088663e-05,0.010689063929021358,2.206725002906751e-05,6.745310088263068e-07,3.2274527939080144e-07,Mu Known
0.0008938127430155873,5.944319232333682e-18,1.883469248620262e-11,1.7048274457920343e-05,3.1334041043209107e-19,5.614549081732478e-13,Leading Order
