Neg Utility Mean,Stock Loss Mean,Clearing Loss Mean,Neg Utility SE,Stock Loss SE,Clearing Loss SE,Type
0.0005955513915978372,6.421990747185191e-06,1.0494363777979743e-06,5.786325709777884e-05,4.0857023009266413e-07,1.3426054046306035e-08,Mu Unknown
0.0005845569539815187,2.3523884010501206e-05,0.0006193961016833782,5.860924648004584e-05,1.3657391946253483e-06,1.2400208504459442e-07,Mu Known
0.000905761553440243,2.2737368624290214e-16,1.8190286082964136e-11,4.3028419895563275e-05,3.892582591626745e-17,1.4118614046973454e-12,Leading Order
