Neg Utility Mean,Stock Loss Mean,Clearing Loss Mean,Neg Utility SE,Stock Loss SE,Clearing Loss SE,S0,Type
0.0005549329216592014,0.4626263380050659,1.2297459761612117e-06,2.221100112365093e-05,6.891280645504594e-05,5.0404280749205554e-09,-0.2214190810918808,Mu Unknown
0.0003750093455892056,0.4615216553211212,0.010689063929021358,2.206725002906751e-05,0.00012837698159273714,3.2274527939080144e-07,-0.23389078676700592,Mu Known
0.0008938127430155873,1.1960802693923226e-16,1.883469248620262e-11,1.7048274457920343e-05,8.404456944462343e-18,5.614549081732478e-13,0.4948173761367798,Leading Order
