Neg Utility Mean,Stock Loss Mean,Clearing Loss Mean,Neg Utility SE,Stock Loss SE,Clearing Loss SE,S0,Type
0.0021419632248580456,4.75806555186864e-05,0.0008498118841089308,3.067325451411307e-05,1.1871657079609577e-06,1.4562850083166268e-05,0.32119372487068176,Mu Unknown
0.021601585671305656,3.271457301872107e-17,1.573423509537708e-11,4.337538484833203e-05,2.5047889215942733e-18,1.6922089272376761e-13,0.3463549017906189,Frictionless
