Neg Utility Mean,Stock Loss Mean,Clearing Loss Mean,Neg Utility SE,Stock Loss SE,Clearing Loss SE,Type
0.0021135597489774227,2.249924909847323e-05,0.0005296212621033192,3.0598581361118704e-05,5.694208198292472e-07,9.194716767524369e-06,Mu Unknown
0.021601585671305656,0.0,1.573423509537708e-11,4.337538484833203e-05,0.0,1.6922089272376761e-13,Frictionless
