Neg Utility Mean,Stock Loss Mean,Clearing Loss Mean,Neg Utility SE,Stock Loss SE,Clearing Loss SE,Type
0.003301663789898157,4.640528459276538e-06,3.949541496695019e-05,5.8495519624557346e-05,1.1799793497857536e-07,5.156232987246767e-07,Mu Unknown
0.003291352652013302,1.4271335203375202e-05,0.003184151602908969,5.8837744290940464e-05,3.6797189295612043e-07,4.3970423575956374e-05,Mu Known
0.0032670532818883657,0.0,8.171594504573568e-15,5.5461499869124964e-05,0.0,1.3669237708288607e-16,Ground Truth
