Neg Utility Mean,Stock Loss Mean,Clearing Loss Mean,Neg Utility SE,Stock Loss SE,Clearing Loss SE,Type
0.003298030234873295,3.785054047966696e-08,3.279596057836898e-05,5.8556328440317884e-05,1.0433591768332917e-09,5.214271823206218e-07,Mu Unknown
0.00329448189586401,9.718541150505189e-06,0.0031257455702871084,5.904150384594686e-05,2.572094786046364e-07,4.4154792703920975e-05,Mu Known
0.0032670532818883657,0.0,8.183796861211713e-15,5.5461499869124964e-05,0.0,1.3670297822961655e-16,Ground Truth
