Neg Utility Mean,Stock Loss Mean,Clearing Loss Mean,Neg Utility SE,Stock Loss SE,Clearing Loss SE,Type
0.003301663789898157,4.640537554223556e-06,3.9495425880886614e-05,5.8495519624557346e-05,1.1799850341276397e-07,5.156237534720276e-07,Mu Unknown
0.0032913528848439455,1.4271366126195062e-05,0.003184151602908969,5.883774792891927e-05,3.6797192137782986e-07,4.397041993797757e-05,Mu Known
0.0032670532818883657,0.0,8.145093384752822e-15,5.5461499869124964e-05,0.0,1.3643875688963241e-16,Ground Truth
