Neg Utility Mean,Stock Loss Mean,Clearing Loss Mean,Neg Utility SE,Stock Loss SE,Clearing Loss SE,S0,Type
0.0021135597489774227,0.11576829850673676,0.0005296212621033192,3.0598581361118704e-05,5.898050221730955e-05,9.194716767524369e-06,-0.018439652398228645,Mu Unknown
0.021601585671305656,3.271457301872107e-17,1.573423509537708e-11,4.337538484833203e-05,2.5047889215942733e-18,1.6922089272376761e-13,0.3463549017906189,Frictionless
