Neg Utility Mean,Stock Loss Mean,Clearing Loss Mean,Neg Utility SE,Stock Loss SE,Clearing Loss SE,S0,Type
0.0031885176431387663,0.0007634807261638343,0.005113356281071901,5.50219374417793e-05,2.1236059183138423e-05,6.608345574932173e-05,0.3271351456642151,Mu Unknown
0.0032928180880844593,1.3677294191438705e-05,0.003209449350833893,5.885338759981096e-05,3.674694255551003e-07,4.876878665527329e-05,0.33771371841430664,Mu Known
0.0032670532818883657,3.049412577833067e-17,8.145093384752822e-15,5.5461499869124964e-05,2.400375774028083e-18,1.3643875688963241e-16,0.34132224321365356,Ground Truth
