Neg Utility Mean,Stock Loss Mean,Clearing Loss Mean,Neg Utility SE,Stock Loss SE,Clearing Loss SE,S0,Type
0.003298030234873295,3.784823476848942e-08,3.279596785432659e-05,5.8556328440317884e-05,1.0432775754409818e-09,5.214276370679727e-07,-0.0003078877925872803,Mu Unknown
0.00329448189586401,9.71853114606347e-06,0.003125745803117752,5.904150748392567e-05,2.5720964913489297e-07,4.415479634189978e-05,-0.0024360271636396646,Mu Known
0.0032670532818883657,0.0,8.145093384752822e-15,5.5461499869124964e-05,0.0,1.3643875688963241e-16,0.001322261057794094,Ground Truth
