Neg Utility Mean,Stock Loss Mean,Clearing Loss Mean,Neg Utility SE,Stock Loss SE,Clearing Loss SE,Type
0.0021135597489774227,2.249919816676993e-05,0.0005296214367263019,3.0598581361118704e-05,5.694188303095871e-07,9.194720405503176e-06,Mu Unknown
0.021601585671305656,0.0,1.587903072919339e-11,4.337538484833203e-05,0.0,1.7003750024755654e-13,Frictionless
