Neg Utility,Stock Loss,Clearing Loss,Type
0.21033725142478943,3.994226062786765e-06,2.051379397016717e-06,Mu Unknown
2.160463333129883,1.1368683518051719e-15,1.5898534225233796e-11,Frictionless
