Neg Utility Mean,Stock Loss Mean,Clearing Loss Mean,Neg Utility SE,Stock Loss SE,Clearing Loss SE,S0,Type
0.003298030234873295,0.11558068543672562,3.279588054283522e-05,5.8556328440317884e-05,2.3895493086456554e-06,5.214252496443805e-07,-0.0003078877925872803,Mu Unknown
0.00329448189586401,0.11553898453712463,0.0031257448717951775,5.904150384594686e-05,3.8678561395499855e-05,4.415477451402694e-05,-0.0024360271636396646,Mu Known
0.0032670532818883657,2.879178476897409e-17,8.171594504573568e-15,5.5461499869124964e-05,2.3532732148171695e-18,1.3669237708288607e-16,0.34132224321365356,Ground Truth
